{
  "avg_time_ms": 67.57413820014335,
  "std_time_ms": 0.46651450058797733,
  "min_time_ms": 66.94320499809692,
  "max_time_ms": 68.47290600126144,
  "hyperparams": {
    "vocab_size": 10000,
    "context_length": 512,
    "d_model": 768,
    "num_layers": 12,
    "num_heads": 12,
    "d_ff": 3072,
    "rope_theta": 10000.0,
    "learning_rate": 0.0001,
    "weight_decay": 0.01
  },
  "batch_size": 4,
  "context_length": 512,
  "num_warmup": 5,
  "num_steps": 10,
  "benchmark_type": "forward",
  "device": "cuda",
  "model_params": 120945408
}